,Links
0,https://www.census.gov/en.html
1,https://www.census.gov/topics/population/age-and-sex.html
2,https://www.census.gov/businessandeconomy
3,https://www.census.gov/topics/education.html
4,https://www.census.gov/topics/preparedness.html
5,https://www.census.gov/topics/employment.html
6,https://www.census.gov/topics/families.html
7,https://www.census.gov/topics/population/migration.html
8,https://www.census.gov/programs-surveys/geography.html
9,https://www.census.gov/topics/health.html
10,https://www.census.gov/topics/population/hispanic-origin.html
11,https://www.census.gov/topics/housing.html
12,https://www.census.gov/topics/income-poverty.html
13,https://www.census.gov/topics/international-trade.html
14,https://www.census.gov/topics/population.html
15,https://www.census.gov/topics/population/population-estimates.html
16,https://www.census.gov/topics/public-sector.html
17,https://www.census.gov/topics/population/race.html
18,https://www.census.gov/topics/research.html
19,https://www.census.gov/topics/public-sector/voting.html
20,https://www.census.gov/about/index.html
21,https://www.census.gov/data.html
22,https://www.census.gov/academy
23,https://www.census.gov/about/what/admin-data.html
24,https://www.census.gov/data/data-tools.html
25,https://www.census.gov/developers
26,https://www.census.gov/data/related-sites.html
27,https://www.census.gov/data/software.html
28,https://www.census.gov/data/tables.html
29,https://www.census.gov/data/training-workshops.html
30,https://www.census.gov/library/visualizations.html
31,https://www.census.gov/library.html
32,https://www.census.gov/AmericaCounts
33,https://www.census.gov/library/audio.html
35,https://www.census.gov/library/photos.html
36,https://www.census.gov/library/publications.html
37,https://www.census.gov/library/video.html
38,https://www.census.gov/library/working-papers.html
39,https://www.census.gov/programs-surveys.html
40,https://www.census.gov/programs-surveys/are-you-in-a-survey.html
41,https://www.census.gov/2020census
42,https://www.census.gov/programs-surveys/decennial-census/decade/2010.html
43,https://www.census.gov/programs-surveys/acs
44,https://www.census.gov/programs-surveys/ahs.html
45,https://www.census.gov/programs-surveys/abs.html
46,https://www.census.gov/programs-surveys/asm.html
47,https://www.census.gov/programs-surveys/cog.html
48,https://www.census.gov/programs-surveys/cbp.html
49,https://www.census.gov/programs-surveys/cps.html
50,https://www.census.gov/EconomicCensus
51,https://www.census.gov/internationalprograms
52,https://www.census.gov/programs-surveys/metro-micro.html
53,https://www.census.gov/programs-surveys/popproj.html
54,https://www.census.gov/programs-surveys/saipe.html
55,https://www.census.gov/programs-surveys/susb.html
56,https://www.census.gov/programs-surveys/sbo.html
57,https://www.census.gov/sipp
58,https://www.census.gov/programs-surveys/surveys-programs.html
59,https://www.census.gov/newsroom.html
61,https://www.census.gov/partners
62,https://www.census.gov/programs-surveys/sis.html
63,https://www.census.gov/library/reference/code-lists/naics.html
64,https://www.census.gov/library/reference/code-lists/schedule/b.html
65,https://www.census.gov/data/developers/data-sets/Geocoding-services.html
66,https://www.census.gov/about-us
67,https://www.census.gov/about/who.html
68,https://www.census.gov/about/what.html
69,https://www.census.gov/about/business-opportunities.html
70,https://www.census.gov/careers
71,https://www.census.gov/fieldjobs
73,https://www.census.gov/about/history.html
74,https://www.census.gov/about/policies.html
75,https://www.census.gov/privacy
76,https://www.census.gov/regions
77,https://www.census.gov/about/contact-us/staff-finder.html
78,https://www.census.gov/about/contact-us.html
79,https://www.census.gov/about/faqs.html
161,https://www.census.gov/programs-surveys/popest/about.html
162,https://www.census.gov/programs-surveys/popest/data.html
163,https://www.census.gov/programs-surveys/popest/geographies.html
164,https://www.census.gov/programs-surveys/popest/guidance.html
165,https://www.census.gov/programs-surveys/popest/guidance-geographies.html
166,https://www.census.gov/programs-surveys/popest/library.html
167,https://www.census.gov/programs-surveys/popest/news.html
168,https://www.census.gov/programs-surveys/popest/technical-documentation.html
180,https://www.census.gov/programs-surveys/popest/data/tables.html
182,https://www.census.gov/programs-surveys/popest/about/schedule.html
183,https://www.census.gov/newsroom/press-releases/2019/estimates-characteristics.html
184,https://www.census.gov/newsroom/press-releases/2019/estimates-characteristics/estimates-characteristics-sp.html
185,https://www.census.gov/newsroom/press-releases/2019/characteristics-embargo-advisory.html
187,https://www.census.gov/data/tables/time-series/demo/popest/pre-1980-national.html
188,https://www.census.gov/data/tables/time-series/demo/popest/pre-1980-state.html
189,https://www.census.gov/data/tables/time-series/demo/popest/pre-1980-county.html
191,https://www.census.gov/library/publications/2015/demo/p25-1142.html
192,https://www.census.gov/library/publications/2010/demo/p25-1139.html
193,https://www.census.gov/library/publications/2010/demo/p25-1138.html
194,https://www.census.gov/programs-surveys/popest/library/publications.html
195,https://www.census.gov/library/visualizations/2019/comm/age-race-distribution.html
196,https://www.census.gov/library/visualizations/2019/comm/housing-unit-change-2017-2018.html
197,https://www.census.gov/library/visualizations/2019/comm/housing-unit-change-2010-2018.html
198,https://www.census.gov/programs-surveys/popest/library/visualizations.html
201,https://www.census.gov/newsroom/blogs.html
202,https://www.census.gov/newsroom/stories.html
203,https://www.facebook.com/uscensusbureau
204,https://twitter.com/uscensusbureau
205,https://www.linkedin.com/company/us-census-bureau
206,https://www.youtube.com/user/uscensusbureau
207,https://www.instagram.com/uscensusbureau
209,https://www.census.gov/quality
210,https://www.census.gov/datalinkage
212,https://www.census.gov/about/policies/privacy/privacy-policy.html#accessibility
213,https://www.census.gov/foia
214,https://www.commerce.gov
215,https://www.usa.gov
